{
  "\u667a\u5229\u6591\u5ca9\u94dc(\u4fef\u51b2\u5f27)": {
    "n": 40,
    "r": 0.6008156009825624,
    "re": 0.04411648702165523,
    "b": 1.9673970295904826,
    "pp": 0.010594910482327413,
    "po": 0.5425945874610509,
    "pu": 0.7611467935589703,
    "best": "GUE",
    "ci": [
      0.47056838506005755,
      0.6703008246207698
    ],
    "mixed_r": 0.46957784280852655
  },
  "\u534e\u5357\u94a8\u9521(\u9646\u5185\u82b1\u5c97\u5ca9)": {
    "n": 36,
    "r": 0.5744343902370841,
    "re": 0.04605965453261663,
    "b": 1.5736476154788666,
    "pp": 0.03215110346104766,
    "po": 0.551181630470569,
    "pu": 0.7809396586027652,
    "best": "GUE",
    "ci": [
      0.4877389455327746,
      0.684932213784221
    ],
    "mixed_r": 0.3073278105568418
  },
  "\u7279\u63d0\u65af\u6591\u5ca9\u94dc(\u78b0\u649e\u5e26)": {
    "n": 21,
    "r": 0.7123027456261373,
    "re": 0.05185738779235848,
    "b": 3,
    "pp": 0.010167814394046792,
    "po": 0.231265629361317,
    "pu": 0.23776187782960456,
    "best": "GUE",
    "ci": [
      0.5102613977243874,
      0.7966144463413259
    ],
    "mixed_r": 0.39051945055631865
  },
  "\u9020\u5c71\u578b\u91d1\u77ff(\u53d8\u8d28\u6d41\u4f53)": {
    "n": 22,
    "r": 0.6780302006152825,
    "re": 0.048566006246071124,
    "b": 2.7503020061528254,
    "pp": 0.0012286626324345962,
    "po": 0.16711056337974395,
    "pu": 0.4497363712263214,
    "best": "GUE",
    "ci": [
      0.605638606642942,
      0.8232428446849337
    ],
    "mixed_r": 0.4323287713170682
  }
}