{
  "Chile porphyry Cu (subduction)": {
    "n": 40,
    "r": 0.6008156009825624,
    "b": 1.9673970295904826,
    "best": "GUE",
    "pp": 0.010594910482327413,
    "po": 0.5425945874610509,
    "pu": 0.7611467935589703,
    "cv": 0.5447809931648779,
    "r_shuf": 0.5593557033707088,
    "obs_minus_shuf": 0.041459897611853536,
    "ci": [
      0.46968403657561464,
      0.6714246040805001
    ],
    "mixed_r": 0.46957784280852655
  },
  "Nanling W-Sn (intracontinental)": {
    "n": 36,
    "r": 0.5744343902370841,
    "b": 1.5736476154788666,
    "best": "GUE",
    "pp": 0.03215110346104766,
    "po": 0.551181630470569,
    "pu": 0.7809396586027652,
    "cv": 0.5779032322029493,
    "r_shuf": 0.5739734415209768,
    "obs_minus_shuf": 0.00046094871610724564,
    "ci": [
      0.4885282723202181,
      0.6848535376651416
    ],
    "mixed_r": 0.3073278105568418
  },
  "Tethyan porphyry Cu (collision)": {
    "n": 21,
    "r": 0.7123027456261373,
    "b": 3,
    "best": "GUE",
    "pp": 0.010167814394046792,
    "po": 0.231265629361317,
    "pu": 0.23776187782960456,
    "cv": 0.5086639105799521,
    "r_shuf": 0.6392551361917921,
    "obs_minus_shuf": 0.07304760943434518,
    "ci": [
      0.5080595916840036,
      0.7968173616209722
    ],
    "mixed_r": 0.39051945055631865
  },
  "Orogenic gold (NON-magmatic)": {
    "n": 22,
    "r": 0.6780302006152825,
    "b": 2.7503020061528254,
    "best": "GUE",
    "pp": 0.0012286626324345962,
    "po": 0.16711056337974395,
    "pu": 0.4497363712263214,
    "cv": 0.309599446298614,
    "r_shuf": 0.7077142006100815,
    "obs_minus_shuf": -0.029683999994798982,
    "ci": [
      0.6060746466772718,
      0.8241707345656973
    ],
    "mixed_r": 0.4323287713170682
  }
}